<?xml version="1.0" encoding="UTF-8"?>
<Configuration status="INFO">
    <Appenders>
        <Console name="Console" target="SYSTEM_OUT">
            <PatternLayout pattern="%d{HH:mm:ss.SSS} %-5level - %msg%n"/>
        </Console>

        <File name="Sso" fileName="/app/sso.log" append="true">
            <PatternLayout>
                <Pattern>%d{HH:mm:ss.SSS} [%t] %-5level - %msg%n</Pattern>
            </PatternLayout>
        </File>
    </Appenders>
    <Loggers>
        <Root level="info">
            <AppenderRef ref="Console"/>
            <AppenderRef ref="Sso"/>
        </Root>
    </Loggers>
</Configuration>
